,Deflection Failure,No Failure,Strength Failure,accuracy,macro avg,weighted avg
precision,0.9481401031767581,0.9021739130434783,0.610337972166998,0.9074333800841514,0.8202173294624114,0.908722020868747
recall,0.9450608930987822,0.8556701030927835,0.6316872427983539,0.9074333800841514,0.8108060796633065,0.9074333800841514
f1-score,0.9465979940363242,0.8783068783068783,0.6208291203235592,0.9074333800841514,0.815244664222254,0.9080407451232432
support,3695.0,97.0,486.0,0.9074333800841514,4278.0,4278.0
