{
  "model": "XGBRegressor",
  "train": {
    "MAE": 5.986678218796957,
    "RMSE": 9.861669334278574,
    "R2": 0.9822309867377358
  },
  "valid": {
    "MAE": 10.272663592623461,
    "RMSE": 19.406361937557154,
    "R2": 0.9306745572928751
  }
}